estacao;horas_sem_dados;municipio;latitude;longitude;percentual_falhas
310670512A;6306;Betim;-19.952;-44.12;6.037454044
314480505A;7257;Nova Lima;-19.999;-43.853;6.947954963
310900604A;9016;Brumadinho;-20.165;-44.023;8.632046569
311860101A;9978;Contagem;-19.917;-44.08;9.553079044
310670513A;10173;Betim;-20.013;-44.222;9.739774816
310620016A;10934;Belo Horizonte;-19.943;-43.964;10.46836703
310900601A;12621;Brumadinho;-20.143;-44.2;12.08352482
310900606A;12777;Brumadinho;-20.156;-44.147;12.23288143
315670004A;13021;Sabará;-19.833;-43.844;12.4664905
310620007A;13257;Belo Horizonte;-19.866;-43.956;12.69244026
