ano,310670512A,314480505A,310900604A,311860101A,310620016A,310900601A,310900606A,310620007A
2014,46.59929432,55.92526,63.149732869,77.865126975,79.092268609,82.956879813,78.829558383,87.80271001
2015,50.607288644,62.739999999999995,60.50999999999999,91.49000000000001,40.57,66.53393454600001,58.33187866,67.66998186
2016,33.97,148.32,102.28999999999999,132.19000000000003,102.07,222.50999999999996,124.32000000000001,189.3
2017,59.21,104.02,86.08000000000001,127.54000000000002,88.14999999999999,76.5,100.92000000000002,88.35
2018,24.02,89.52,84.19,77.75000000000003,43.83999999999999,74.47,90.80000000000001,74.94999999999999
2019,0.0,69.29,67.41,55.68000000000004,69.47999999999999,43.970000000000006,55.89000000000001,72.57000000000001
2020,62.49,202.48,89.47,61.330000000000034,173.73,22.42000000000001,142.91,83.19999999999999
2021,115.97,137.15000000000003,67.92,104.59000000000003,90.47,108.84000000000002,78.88000000000001,178.63
2022,124.65,157.51,205.51999999999998,157.08,97.11,41.470000000000006,,112.35
2023,100.27000000000001,82.83000000000001,92.88000000000001,114.05000000000004,71.96000000000001,82.95,71.01,121.72999999999999
2024,76.91,109.48000000000002,110.21000000000001,82.23000000000003,79.1,80.48000000000002,69.52000000000001,53.009999999999984
2025,67.56,54.60000000000002,80.29,59.61000000000003,58.01,88.99000000000001,84.38,68.92999999999999
